{"Q": {"((2, 20, 2), 'red')": 0.0, "((0, 20, 3), 'green')": 0.13952865886523938, "((2, 19, 2), 'red')": 0.0, "((0, 19, 3), 'green')": 0.0, "((2, 18, 2), 'red')": 0.0, "((0, 18, 3), 'green')": 0.0, "((2, 17, 2), 'red')": 90.64841347611686, "((0, 17, 3), 'green')": 0.0, "((2, 16, 2), 'red')": 0.0, "((0, 16, 3), 'green')": 0.0, "((2, 15, 2), 'red')": 0.0, "((0, 15, 3), 'green')": 0.0, "((0, 20, 6), 'green')": 0.17902270864041442, "((2, 14, 2), 'red')": 0.0, "((2, 20, 10), 'red')": 0.0, "((0, 14, 3), 'green')": 0.0, "((0, 19, 6), 'green')": 0.0, "((0, 20, 5), 'green')": 0.1060331827840803, "((2, 13, 2), 'red')": 0.0, "((2, 19, 10), 'red')": 94.15775373142648, "((0, 13, 3), 'green')": 0.0, "((0, 18, 6), 'green')": 0.0, "((0, 19, 5), 'green')": 0.0, "((2, 12, 2), 'red')": 99.47850121341307, "((2, 18, 10), 'red')": 0.0, "((2, 20, 1), 'red')": 0.0, "((0, 12, 3), 'green')": 0.0, "((0, 17, 6), 'green')": 0.0, "((0, 18, 5), 'green')": 0.0, "((2, 11, 2), 'red')": 94.18941191324517, "((2, 17, 10), 'red')": 0.0, "((2, 19, 1), 'red')": 0.0, "((0, 11, 3), 'green')": 0.0, "((0, 16, 6), 'green')": 0.0, "((0, 17, 5), 'green')": 0.0, "((2, 10, 2), 'red')": 0.0, "((2, 16, 10), 'red')": 0.0, "((2, 18, 1), 'red')": 0.0, "((0, 10, 3), 'green')": 0.0, "((0, 15, 6), 'green')": 0.0, "((0, 16, 5), 'green')": 0.0, "((2, 9, 2), 'red')": 0.0, "((2, 15, 10), 'red')": 0.0, "((2, 17, 1), 'red')": 0.0, "((0, 9, 3), 'green')": 0.0, "((0, 14, 6), 'green')": 0.0, "((0, 15, 5), 'green')": 0.0, "((2, 8, 2), 'red')": 0.0, "((2, 14, 10), 'red')": 0.0, "((2, 16, 1), 'red')": 0.0, "((0, 8, 3), 'green')": 0.0, "((0, 13, 6), 'green')": 0.0, "((0, 14, 5), 'green')": 0.0, "((2, 7, 2), 'red')": 0.0, "((2, 13, 10), 'red')": 96.0443344154719, "((2, 15, 1), 'red')": 0.0, "((0, 7, 3), 'green')": 0.0, "((0, 12, 6), 'green')": 0.0, "((0, 13, 5), 'green')": 0.0, "((2, 6, 2), 'red')": 0.0, "((2, 12, 10), 'red')": 0.0, "((2, 14, 1), 'red')": 0.0, "((0, 6, 3), 'green')": 0.0, "((0, 11, 6), 'green')": 0.0, "((0, 12, 5), 'green')": 0.0, "((2, 5, 2), 'red')": 96.06068929858282, "((2, 11, 10), 'red')": 0.0, "((2, 13, 1), 'red')": 0.0, "((0, 5, 3), 'green')": 0.0, "((0, 10, 6), 'green')": 0.0, "((0, 11, 5), 'green')": 0.0, "((0, 20, 10), 'green')": 0.06348369184120108, "((2, 4, 2), 'red')": 0.0, "((2, 10, 10), 'red')": 0.0, "((2, 12, 1), 'red')": 0.0, "((2, 20, 6), 'red')": 97.9707792207791, "((0, 4, 3), 'green')": 0.0, "((0, 9, 6), 'green')": 0.0, "((0, 10, 5), 'green')": 0.0, "((0, 19, 10), 'green')": 0.0, "((2, 3, 2), 'red')": 0.0, "((2, 9, 10), 'red')": 0.0, "((2, 11, 1), 'red')": 0.0, "((2, 19, 6), 'red')": 0.0, "((0, 3, 3), 'green')": 0.0, "((0, 8, 6), 'green')": 0.0, "((0, 9, 5), 'green')": 0.0, "((0, 18, 10), 'green')": 0.0, "((0, 20, 2), 'green')": 0.09165259050604543, "((2, 2, 2), 'red')": 99.97991967871471, "((2, 8, 10), 'red')": 0.0, "((2, 10, 1), 'red')": 0.0, "((2, 18, 6), 'red')": 0.0, "((0, 2, 3), 'green')": 0.0, "((0, 7, 6), 'green')": 0.0, "((0, 8, 5), 'green')": 0.0, "((0, 17, 10), 'green')": 0.0, "((0, 19, 2), 'green')": 0.0, "((0, 20, 8), 'green')": 0.06305910498640714, "((2, 1, 2), 'red')": 99.9999999999992, "((2, 7, 10), 'red')": 0.0, "((2, 9, 1), 'red')": 97.98387096774181, "((2, 17, 6), 'red')": 0.0, "((0, 1, 3), 'green')": 0.0, "((0, 6, 6), 'green')": 0.0, "((0, 7, 5), 'green')": 0.0, "((0, 16, 10), 'green')": 0.0, "((0, 18, 2), 'green')": 0.0, "((0, 19, 8), 'green')": 0.0, "((2, 6, 10), 'red')": 97.9883323274994, "((2, 8, 1), 'red')": 0.0, "((2, 16, 6), 'red')": 0.0, "((2, 20, 4), 'red')": 0.0, "((0, 5, 6), 'green')": 0.0, "((0, 6, 5), 'green')": 0.0, "((0, 15, 10), 'green')": 0.0, "((0, 17, 2), 'green')": 0.0, "((0, 18, 8), 'green')": 0.0, "((2, 5, 10), 'red')": 0.0, "((2, 7, 1), 'red')": 0.0, "((2, 15, 6), 'red')": 0.0, "((2, 19, 4), 'red')": 0.0, "((0, 4, 6), 'green')": 0.0, "((0, 5, 5), 'green')": 0.0, "((0, 14, 10), 'green')": 0.0, "((0, 16, 2), 'green')": 0.0, "((0, 17, 8), 'green')": 0.0, "((2, 4, 10), 'red')": 0.0, "((2, 6, 1), 'red')": 0.0, "((2, 14, 6), 'red')": 0.0, "((2, 18, 4), 'red')": 0.0, "((0, 3, 6), 'green')": 0.0, "((0, 4, 5), 'green')": 0.0, "((0, 13, 10), 'green')": 0.0, "((0, 15, 2), 'green')": 0.0, "((0, 16, 8), 'green')": 0.0, "((2, 3, 10), 'red')": 99.9999999999992, "((2, 5, 1), 'red')": 0.0, "((2, 13, 6), 'red')": 0.0, "((2, 17, 4), 'red')": 0.0, "((0, 2, 6), 'green')": 0.0, "((0, 3, 5), 'green')": 0.0, "((0, 12, 10), 'green')": 0.0, "((0, 14, 2), 'green')": 0.0, "((0, 15, 8), 'green')": 0.0, "((2, 4, 1), 'red')": 99.9999999999992, "((2, 12, 6), 'red')": 0.0, "((2, 16, 4), 'red')": 0.0, "((0, 1, 6), 'green')": 0.0, "((0, 2, 5), 'green')": 0.0, "((0, 11, 10), 'green')": 0.0, "((0, 13, 2), 'green')": 0.0, "((0, 14, 8), 'green')": 0.0, "((2, 11, 6), 'red')": 0.0, "((2, 15, 4), 'red')": 0.0, "((0, 1, 5), 'green')": 0.0, "((0, 10, 10), 'green')": 0.0, "((0, 12, 2), 'green')": 0.0, "((0, 13, 8), 'green')": 0.0, "((2, 10, 6), 'red')": 0.0, "((2, 14, 4), 'red')": 0.0, "((0, 9, 10), 'green')": 0.0, "((0, 11, 2), 'green')": 0.0, "((0, 12, 8), 'green')": 0.0, "((2, 9, 6), 'red')": 0.0, "((2, 13, 4), 'red')": 0.0, "((0, 8, 10), 'green')": 0.0, "((0, 10, 2), 'green')": 0.0, "((0, 11, 8), 'green')": 0.0, "((2, 8, 6), 'red')": 0.0, "((2, 12, 4), 'red')": 0.0, "((0, 7, 10), 'green')": 0.0, "((0, 9, 2), 'green')": 0.0, "((0, 10, 8), 'green')": 0.0, "((2, 7, 6), 'red')": 99.9999999999992, "((2, 11, 4), 'red')": 0.0, "((2, 20, 8), 'red')": 0.0, "((0, 6, 10), 'green')": 0.0, "((0, 8, 2), 'green')": 0.0, "((0, 9, 8), 'green')": 0.0, "((2, 10, 4), 'red')": 0.0, "((2, 19, 8), 'red')": 0.0, "((0, 5, 10), 'green')": 0.0, "((0, 7, 2), 'green')": 0.0, "((0, 8, 8), 'green')": 0.0, "((2, 9, 4), 'red')": 0.0, "((2, 18, 8), 'red')": 97.97201379030608, "((0, 4, 10), 'green')": 0.0, "((0, 6, 2), 'green')": 0.0, "((0, 7, 8), 'green')": 0.0, "((2, 8, 4), 'red')": 99.9999999999992, "((2, 17, 8), 'red')": 0.0, "((0, 3, 10), 'green')": 0.0, "((0, 5, 2), 'green')": 0.0, "((0, 6, 8), 'green')": 0.0, "((2, 16, 8), 'red')": 0.0, "((0, 2, 10), 'green')": 0.0, "((0, 4, 2), 'green')": 0.0, "((0, 5, 8), 'green')": 0.0, "((2, 15, 8), 'red')": 0.0, "((0, 1, 10), 'green')": 0.0, "((0, 3, 2), 'green')": 0.0, "((0, 4, 8), 'green')": 0.0, "((2, 14, 8), 'red')": 0.0, "((0, 2, 2), 'green')": 0.0, "((0, 3, 8), 'green')": 0.0, "((2, 13, 8), 'red')": 0.0, "((0, 1, 2), 'green')": 0.0, "((0, 2, 8), 'green')": 0.0, "((2, 12, 8), 'red')": 0.0, "((0, 1, 8), 'green')": 0.0, "((0, 20, 9), 'green')": 0.16288146559837474, "((0, 20, 1), 'green')": 0.1359628440320363, "((2, 11, 8), 'red')": 0.0, "((0, 19, 9), 'green')": 0.0, "((2, 10, 8), 'red')": 99.9999999999992, "((0, 18, 9), 'green')": 0.0, "((0, 19, 1), 'green')": 0.0, "((0, 17, 9), 'green')": 0.0, "((0, 18, 1), 'green')": 0.0, "((0, 20, 7), 'green')": 0.15782949946462035, "((0, 16, 9), 'green')": 0.0, "((0, 17, 1), 'green')": 0.0, "((0, 19, 7), 'green')": 0.0, "((0, 15, 9), 'green')": 0.0, "((0, 16, 1), 'green')": 0.0, "((0, 18, 7), 'green')": 0.0, "((0, 14, 9), 'green')": 0.0, "((0, 15, 1), 'green')": 0.0, "((0, 17, 7), 'green')": 0.0, "((0, 13, 9), 'green')": 0.0, "((0, 14, 1), 'green')": 0.0, "((0, 16, 7), 'green')": 0.0, "((0, 12, 9), 'green')": 0.0, "((0, 13, 1), 'green')": 0.0, "((0, 15, 7), 'green')": 0.0, "((0, 11, 9), 'green')": 0.0, "((0, 12, 1), 'green')": 0.0, "((0, 14, 7), 'green')": 0.0, "((0, 10, 9), 'green')": 0.0, "((0, 11, 1), 'green')": 0.0, "((0, 13, 7), 'green')": 0.0, "((0, 9, 9), 'green')": 0.0, "((0, 10, 1), 'green')": 0.0, "((0, 12, 7), 'green')": 0.0, "((0, 8, 9), 'green')": 0.0, "((0, 9, 1), 'green')": 0.0, "((0, 11, 7), 'green')": 0.0, "((2, 20, 7), 'red')": 0.99335, "((2, 20, 3), 'red')": 0.995, "((0, 7, 9), 'green')": 0.0, "((0, 8, 1), 'green')": 0.0, "((0, 10, 7), 'green')": 0.0, "((2, 19, 7), 'red')": 0.0, "((0, 6, 9), 'green')": 0.0, "((0, 7, 1), 'green')": 0.0, "((0, 9, 7), 'green')": 0.0, "((2, 18, 7), 'red')": 0.0, "((2, 19, 3), 'red')": 0.0, "((0, 5, 9), 'green')": 0.0, "((0, 6, 1), 'green')": 0.0, "((0, 8, 7), 'green')": 0.0,