{"Q": {"((0, 20, 7), 'green')": 0.41810759358576627, "((0, 19, 7), 'green')": 0.0, "((0, 18, 7), 'green')": 0.0, "((0, 20, 6), 'green')": 0.42052327999691425, "((0, 17, 7), 'green')": 0.0, "((0, 19, 6), 'green')": 0.0, "((0, 16, 7), 'green')": 0.0, "((0, 18, 6), 'green')": 0.0, "((0, 20, 3), 'green')": 0.43797385038015624, "((0, 15, 7), 'green')": 0.0, "((0, 17, 6), 'green')": 0.0, "((0, 19, 3), 'green')": 0.0, "((0, 14, 7), 'green')": 0.0, "((0, 16, 6), 'green')": 0.0, "((0, 18, 3), 'green')": 0.0, "((2, 20, 1), 'red')": 0.0, "((0, 13, 7), 'green')": 0.0, "((0, 15, 6), 'green')": 0.0, "((0, 17, 3), 'green')": 0.0, "((0, 20, 4), 'green')": 0.44114393878606073, "((2, 19, 1), 'red')": 0.0, "((0, 12, 7), 'green')": 0.0, "((0, 14, 6), 'green')": 0.0, "((0, 16, 3), 'green')": 0.0, "((0, 19, 4), 'green')": 0.0, "((2, 18, 1), 'red')": 0.0, "((0, 11, 7), 'green')": 0.0, "((0, 13, 6), 'green')": 0.0, "((0, 15, 3), 'green')": 0.0, "((0, 18, 4), 'green')": 0.0, "((2, 17, 1), 'red')": 0.0, "((2, 20, 9), 'red')": 0.49833333333333335, "((2, 20, 8), 'red')": 99.8501162341272, "((0, 10, 7), 'green')": 0.0, "((0, 12, 6), 'green')": 0.0, "((0, 14, 3), 'green')": 0.0, "((0, 17, 4), 'green')": 0.0, "((2, 16, 1), 'red')": 0.0, "((2, 19, 9), 'red')": 0.0, "((0, 9, 7), 'green')": 0.0, "((0, 11, 6), 'green')": 0.0, "((0, 13, 3), 'green')": 0.0, "((0, 16, 4), 'green')": 0.0, "((2, 15, 1), 'red')": 0.0, "((2, 18, 9), 'red')": 0.0, "((2, 20, 2), 'red')": 0.727703167, "((0, 8, 7), 'green')": 0.0, "((0, 10, 6), 'green')": 0.0, "((0, 12, 3), 'green')": 0.0, "((0, 15, 4), 'green')": 0.0, "((2, 14, 1), 'red')": 0.0, "((2, 17, 9), 'red')": 0.0, "((2, 19, 8), 'red')": 0.0, "((0, 7, 7), 'green')": 0.0, "((0, 9, 6), 'green')": 0.0, "((0, 11, 3), 'green')": 0.0, "((0, 14, 4), 'green')": 0.0, "((2, 13, 1), 'red')": 0.0, "((2, 16, 9), 'red')": 0.0, "((2, 18, 8), 'red')": 0.0, "((2, 19, 2), 'red')": 0.0, "((0, 6, 7), 'green')": 0.0, "((0, 8, 6), 'green')": 0.0, "((0, 10, 3), 'green')": 0.0, "((0, 13, 4), 'green')": 0.0, "((2, 12, 1), 'red')": 0.0, "((2, 15, 9), 'red')": 0.0, "((2, 17, 8), 'red')": 99.90002701746637, "((2, 18, 2), 'red')": 0.0, "((0, 5, 7), 'green')": 0.0, "((0, 7, 6), 'green')": 0.0, "((0, 9, 3), 'green')": 0.0, "((0, 12, 4), 'green')": 0.0, "((2, 11, 1), 'red')": 0.0, "((2, 14, 9), 'red')": 0.0, "((2, 16, 8), 'red')": 0.0, "((2, 17, 2), 'red')": 0.0, "((0, 4, 7), 'green')": 0.0, "((0, 6, 6), 'green')": 0.0, "((0, 8, 3), 'green')": 0.0, "((0, 11, 4), 'green')": 0.0, "((2, 10, 1), 'red')": 0.0, "((2, 13, 9), 'red')": 0.0, "((2, 15, 8), 'red')": 0.0, "((2, 16, 2), 'red')": 0.0, "((0, 3, 7), 'green')": 0.0, "((0, 5, 6), 'green')": 0.0, "((0, 7, 3), 'green')": 0.0, "((0, 10, 4), 'green')": 0.0, "((2, 9, 1), 'red')": 0.0, "((2, 12, 9), 'red')": 0.0, "((2, 14, 8), 'red')": 0.0, "((2, 15, 2), 'red')": 0.0, "((0, 2, 7), 'green')": 0.0, "((0, 4, 6), 'green')": 0.0, "((0, 6, 3), 'green')": 0.0, "((0, 9, 4), 'green')": 0.0, "((0, 20, 9), 'green')": 0.41613461970555604, "((2, 8, 1), 'red')": 0.0, "((2, 11, 9), 'red')": 0.0, "((2, 13, 8), 'red')": 0.0, "((2, 14, 2), 'red')": 99.90002801691587, "((0, 1, 7), 'green')": 0.0, "((0, 3, 6), 'green')": 0.0, "((0, 5, 3), 'green')": 0.0, "((0, 8, 4), 'green')": 0.0, "((0, 19, 9), 'green')": 0.0, "((2, 7, 1), 'red')": 0.0, "((2, 10, 9), 'red')": 0.0, "((2, 12, 8), 'red')": 0.0, "((2, 13, 2), 'red')": 0.0, "((0, 2, 6), 'green')": 0.0, "((0, 4, 3), 'green')": 0.0, "((0, 7, 4), 'green')": 0.0, "((0, 18, 9), 'green')": 0.0, "((2, 6, 1), 'red')": 0.0, "((2, 9, 9), 'red')": 0.0, "((2, 11, 8), 'red')": 0.0, "((2, 12, 2), 'red')": 0.0, "((0, 1, 6), 'green')": 0.0, "((0, 3, 3), 'green')": 0.0, "((0, 6, 4), 'green')": 0.0, "((0, 17, 9), 'green')": 0.0, "((2, 5, 1), 'red')": 0.0, "((2, 8, 9), 'red')": 0.0, "((2, 10, 8), 'red')": 0.0, "((2, 11, 2), 'red')": 0.0, "((0, 2, 3), 'green')": 0.0, "((0, 5, 4), 'green')": 0.0, "((0, 16, 9), 'green')": 0.0, "((0, 20, 10), 'green')": 0.41906493602423034, "((2, 4, 1), 'red')": 0.0, "((2, 7, 9), 'red')": 0.0, "((2, 9, 8), 'red')": 0.0, "((2, 10, 2), 'red')": 0.0, "((2, 20, 10), 'red')": 0.3325, "((0, 1, 3), 'green')": 0.0, "((0, 4, 4), 'green')": 0.0, "((0, 15, 9), 'green')": 0.0, "((0, 19, 10), 'green')": 0.0, "((2, 3, 1), 'red')": 0.0, "((2, 6, 9), 'red')": 0.0, "((2, 8, 8), 'red')": 0.0, "((2, 9, 2), 'red')": 99.94999049819461, "((2, 19, 10), 'red')": 0.0, "((0, 3, 4), 'green')": 0.0, "((0, 14, 9), 'green')": 0.0, "((0, 18, 10), 'green')": 0.0, "((2, 2, 1), 'red')": 0.0, "((2, 5, 9), 'red')": 0.0, "((2, 7, 8), 'red')": 0.0, "((2, 8, 2), 'red')": 0.0, "((2, 18, 10), 'red')": 0.0, "((0, 2, 4), 'green')": 0.0, "((0, 13, 9), 'green')": 0.0, "((0, 17, 10), 'green')": 0.0, "((2, 1, 1), 'red')": 99.9999999999992, "((2, 4, 9), 'red')": 0.0, "((2, 6, 8), 'red')": 99.94999149855471, "((2, 7, 2), 'red')": 0.0, "((2, 17, 10), 'red')": 0.0, "((0, 1, 4), 'green')": 0.0, "((0, 12, 9), 'green')": 0.0, "((0, 16, 10), 'green')": 0.0, "((2, 3, 9), 'red')": 99.99949993249089, "((2, 5, 8), 'red')": 0.0, "((2, 6, 2), 'red')": 0.0, "((2, 16, 10), 'red')": 99.90002801691587, "((2, 20, 6), 'red')": 0.0, "((0, 11, 9), 'green')": 0.0, "((0, 15, 10), 'green')": 0.0, "((2, 2, 9), 'red')": 99.9999999999992, "((2, 4, 8), 'red')": 99.9999999999992, "((2, 5, 2), 'red')": 99.9999999999992, "((2, 15, 10), 'red')": 0.0, "((2, 19, 6), 'red')": 0.0, "((0, 10, 9), 'green')": 0.0, "((0, 14, 10), 'green')": 0.0, "((0, 20, 5), 'green')": 0.4152702958504201, "((2, 14, 10), 'red')": 0.0, "((2, 18, 6), 'red')": 99.90002651773413, "((2, 20, 3), 'red')": 0.0, "((0, 9, 9), 'green')": 0.0, "((0, 13, 10), 'green')": 0.0, "((0, 19, 5), 'green')": 0.0, "((2, 13, 10), 'red')": 0.0, "((2, 17, 6), 'red')": 0.0, "((2, 19, 3), 'red')": 99.94998824723804, "((0, 8, 9), 'green')": 0.0, "((0, 12, 10), 'green')": 0.0, "((0, 18, 5), 'green')": 0.0, "((2, 12, 10), 'red')": 0.0, "((2, 16, 6), 'red')": 0.0, "((2, 18, 3), 'red')": 0.0, "((0, 7, 9), 'green')": 0.0, "((0, 11, 10), 'green')": 0.0, "((0, 17, 5), 'green')": 0.0, "((2, 11, 10), 'red')": 99.94999049819461, "((2, 15, 6), 'red')": 99.9499889975794, "((2, 17, 3), 'red')": 0.0, "((0, 6, 9), 'green')": 0.0, "((0, 10, 10), 'green')": 0.0, "((0, 16, 5), 'green')": 0.0, "((2, 10, 10), 'red')": 0.0, "((2, 14, 6), 'red')": 0.0, "((2, 16, 3), 'red')": 0.0, "((0, 5, 9), 'green')": 0.0, "((0, 9, 10), 'green')": 0.0, "((0, 15, 5), 'green')": 0.0, "((2, 9, 10), 'red')": 0.0, "((2, 13, 6), 'red')": 0.0, "((2, 15, 3), 'red')": 0.0, "((0, 4, 9), 'green')": 0.0, "((0, 8, 10), 'green')": 0.0, "((0, 14, 5), 'green')": 0.0, "((2, 8, 10), 'red')": 0.0, "((2, 12, 6), 'red')": 0.0, "((2, 14, 3), 'red')": 0.0, "((0, 3, 9), 'green')": 0.0, "((0, 7, 10), 'green')": 0.0, "((0, 13, 5), 'green')": 0.0, "((0, 20, 8), 'green')": 0.4299151025352146, "((2, 7, 10), 'red')": 99.9999999999992, "((2, 11, 6), 'red')": 0.0, "((2, 13, 3), 'red')": 0.0, "((0, 2, 9), 'green')": 0.0, "((0, 6, 10), 'green')": 0.0, "((0, 12, 5), 'green')": 0.0, "((0, 19, 8), 'green')": 0.0, "((2, 10, 6), 'red')": 0.0, "((2, 12, 3), 'red')": 0.0, "((2, 20, 7), 'red')": 0.0, "((0, 1, 9), 'green')": 0.0, "((0, 5, 10), 'green')": 0.0, "((0, 11, 5), 'green')": 0.0, "((0, 18, 8), 'green')": 0.0, "((2, 9, 6), 'red')": 0.0, "((2, 11, 3), 'red')": 0.0, "((2, 19, 7), 'red')": 0.0, "((2, 20, 5), 'red')": 0.0, "((0, 4, 10), 'green')": 0.0, "((0, 10, 5), 'green')": 0.0, "((0, 17, 8), 'green')": 0.0, "((2, 8, 6), 'red')": 99.9999999999992, "((2, 10, 3), 'red')": 99.9999999999992, "((2, 18, 7), 'red')": 0.0, "((2, 19, 5), 'red')": 0.0, "((0, 3, 10), 'green')": 0.0, "((0, 9, 5), 'green')": 0.0, "((0, 16, 8), 'green')": 0.0, "((2, 17, 7), 'red')": 0.0, "((2, 18, 5), 'red')": 0.0, "((0, 2, 10), 'green')": 0.0, "((0, 8, 5), 'green')": 0.0, "((0, 15, 8), 'green')": 0.0, "((2, 16, 7), 'red')": 0.0, "((2, 17, 5), 'red')": 0.0, "((0, 1, 10), 'green')": 0.0, "((0, 7, 5), 'green')": 0.0, "((0, 14, 8), 'green')": 0.0, "((2, 15, 7), 'red')": 0.0, "((2, 16, 5), 'red')": 0.0, "((0, 6, 5), 'green')": 0.0,