{"Q": {"((1, 20, 3), 'green')": 0.42792715846852064, "((1, 19, 3), 'green')": 0.0, "((1, 18, 3), 'green')": 0.0, "((3, 20, 9), 'red')": 0.0, "((3, 20, 10), 'red')": 0.28192579175, "((1, 17, 3), 'green')": 0.0, "((1, 20, 10), 'green')": 0.41316024505495536, "((1, 20, 1), 'green')": 0.42079785803999875, "((3, 19, 9), 'red')": 0.0, "((1, 16, 3), 'green')": 0.0, "((1, 19, 10), 'green')": 0.0, "((3, 18, 9), 'red')": 0.0, "((3, 19, 10), 'red')": 99.85012372213049, "((1, 15, 3), 'green')": 0.0, "((1, 18, 10), 'green')": 0.0, "((1, 19, 1), 'green')": 0.0, "((1, 20, 6), 'green')": 0.4112672043320306, "((3, 17, 9), 'red')": 0.0, "((3, 18, 10), 'red')": 0.0, "((1, 14, 3), 'green')": 0.0, "((1, 17, 10), 'green')": 0.0, "((1, 18, 1), 'green')": 0.0, "((1, 19, 6), 'green')": 0.0, "((1, 20, 8), 'green')": 0.4167337448786071, "((3, 16, 9), 'red')": 0.0, "((3, 17, 10), 'red')": 0.0, "((1, 13, 3), 'green')": 0.0, "((1, 16, 10), 'green')": 0.0, "((1, 17, 1), 'green')": 0.0, "((1, 18, 6), 'green')": 0.0, "((1, 19, 8), 'green')": 0.0, "((3, 15, 9), 'red')": 0.0, "((3, 16, 10), 'red')": 0.0, "((3, 20, 2), 'red')": 0.5087844333333333, "((1, 12, 3), 'green')": 0.0, "((1, 15, 10), 'green')": 0.0, "((1, 16, 1), 'green')": 0.0, "((1, 17, 6), 'green')": 0.0, "((1, 18, 8), 'green')": 0.0, "((3, 14, 9), 'red')": 0.0, "((3, 15, 10), 'red')": 99.90003351353084, "((3, 19, 2), 'red')": 0.0, "((1, 11, 3), 'green')": 0.0, "((1, 14, 10), 'green')": 0.0, "((1, 15, 1), 'green')": 0.0, "((1, 16, 6), 'green')": 0.0, "((1, 17, 8), 'green')": 0.0, "((1, 20, 5), 'green')": 0.4265593975281198, "((3, 13, 9), 'red')": 0.0, "((3, 14, 10), 'red')": 0.0, "((3, 18, 2), 'red')": 0.0, "((3, 20, 3), 'red')": 0.0, "((1, 10, 3), 'green')": 0.0, "((1, 13, 10), 'green')": 0.0, "((1, 14, 1), 'green')": 0.0, "((1, 15, 6), 'green')": 0.0, "((1, 16, 8), 'green')": 0.0, "((1, 19, 5), 'green')": 0.0, "((3, 12, 9), 'red')": 0.0, "((3, 13, 10), 'red')": 0.0, "((3, 17, 2), 'red')": 99.85012521964137, "((3, 19, 3), 'red')": 0.0, "((1, 9, 3), 'green')": 0.0, "((1, 12, 10), 'green')": 0.0, "((1, 13, 1), 'green')": 0.0, "((1, 14, 6), 'green')": 0.0, "((1, 15, 8), 'green')": 0.0, "((1, 18, 5), 'green')": 0.0, "((3, 11, 9), 'red')": 0.0, "((3, 12, 10), 'red')": 0.0, "((3, 16, 2), 'red')": 0.0, "((3, 18, 3), 'red')": 99.90003301386355, "((3, 20, 1), 'red')": 0.0, "((1, 8, 3), 'green')": 0.0, "((1, 11, 10), 'green')": 0.0, "((1, 12, 1), 'green')": 0.0, "((1, 13, 6), 'green')": 0.0, "((1, 14, 8), 'green')": 0.0, "((1, 17, 5), 'green')": 0.0, "((3, 10, 9), 'red')": 0.0, "((3, 11, 10), 'red')": 0.0, "((3, 15, 2), 'red')": 0.0, "((3, 17, 3), 'red')": 0.0, "((3, 19, 1), 'red')": 0.0, "((1, 7, 3), 'green')": 0.0, "((1, 10, 10), 'green')": 0.0, "((1, 11, 1), 'green')": 0.0, "((1, 12, 6), 'green')": 0.0, "((1, 13, 8), 'green')": 0.0, "((1, 16, 5), 'green')": 0.0, "((3, 9, 9), 'red')": 0.0, "((3, 10, 10), 'red')": 0.0, "((3, 14, 2), 'red')": 0.0, "((3, 16, 3), 'red')": 0.0, "((3, 18, 1), 'red')": 0.0, "((1, 6, 3), 'green')": 0.0, "((1, 9, 10), 'green')": 0.0, "((1, 10, 1), 'green')": 0.0, "((1, 11, 6), 'green')": 0.0, "((1, 12, 8), 'green')": 0.0, "((1, 15, 5), 'green')": 0.0, "((3, 8, 9), 'red')": 0.0, "((3, 9, 10), 'red')": 0.0, "((3, 13, 2), 'red')": 0.0, "((3, 15, 3), 'red')": 0.0, "((3, 17, 1), 'red')": 0.0, "((3, 20, 4), 'red')": 0.0, "((1, 5, 3), 'green')": 0.0, "((1, 8, 10), 'green')": 0.0, "((1, 9, 1), 'green')": 0.0, "((1, 10, 6), 'green')": 0.0, "((1, 11, 8), 'green')": 0.0, "((1, 14, 5), 'green')": 0.0, "((3, 7, 9), 'red')": 0.0, "((3, 8, 10), 'red')": 0.0, "((3, 12, 2), 'red')": 0.0, "((3, 14, 3), 'red')": 0.0, "((3, 16, 1), 'red')": 0.0, "((3, 19, 4), 'red')": 0.0, "((1, 4, 3), 'green')": 0.0, "((1, 7, 10), 'green')": 0.0, "((1, 8, 1), 'green')": 0.0, "((1, 9, 6), 'green')": 0.0, "((1, 10, 8), 'green')": 0.0, "((1, 13, 5), 'green')": 0.0, "((3, 6, 9), 'red')": 0.0, "((3, 7, 10), 'red')": 0.0, "((3, 11, 2), 'red')": 0.0, "((3, 13, 3), 'red')": 99.94999224879852, "((3, 15, 1), 'red')": 0.0, "((3, 18, 4), 'red')": 0.0, "((1, 3, 3), 'green')": 0.0, "((1, 6, 10), 'green')": 0.0, "((1, 7, 1), 'green')": 0.0, "((1, 8, 6), 'green')": 0.0, "((1, 9, 8), 'green')": 0.0, "((1, 12, 5), 'green')": 0.0, "((3, 5, 9), 'red')": 0.0, "((3, 6, 10), 'red')": 0.0, "((3, 10, 2), 'red')": 0.0, "((3, 12, 3), 'red')": 0.0, "((3, 14, 1), 'red')": 0.0, "((3, 17, 4), 'red')": 0.0, "((1, 2, 3), 'green')": 0.0, "((1, 5, 10), 'green')": 0.0, "((1, 6, 1), 'green')": 0.0, "((1, 7, 6), 'green')": 0.0, "((1, 8, 8), 'green')": 0.0, "((1, 11, 5), 'green')": 0.0, "((1, 20, 7), 'green')": 0.41778011365609813, "((3, 4, 9), 'red')": 0.0, "((3, 5, 10), 'red')": 0.0, "((3, 9, 2), 'red')": 99.99895085748571, "((3, 11, 3), 'red')": 0.0, "((3, 13, 1), 'red')": 0.0, "((3, 16, 4), 'red')": 0.0, "((1, 1, 3), 'green')": 0.0, "((1, 4, 10), 'green')": 0.0, "((1, 5, 1), 'green')": 0.0, "((1, 6, 6), 'green')": 0.0, "((1, 7, 8), 'green')": 0.0, "((1, 10, 5), 'green')": 0.0, "((3, 3, 9), 'red')": 0.0, "((3, 4, 10), 'red')": 0.0, "((3, 8, 2), 'red')": 99.94999349915486, "((3, 10, 3), 'red')": 0.0, "((3, 12, 1), 'red')": 0.0, "((3, 15, 4), 'red')": 0.0, "((3, 20, 5), 'red')": 99.90003251419125, "((1, 3, 10), 'green')": 0.0, "((1, 4, 1), 'green')": 0.0, "((1, 5, 6), 'green')": 0.0, "((1, 6, 8), 'green')": 0.0, "((1, 9, 5), 'green')": 0.0, "((1, 19, 7), 'green')": 0.0, "((3, 2, 9), 'red')": 0.0, "((3, 3, 10), 'red')": 99.99949994999498, "((3, 7, 2), 'red')": 0.0, "((3, 9, 3), 'red')": 0.0, "((3, 11, 1), 'red')": 0.0, "((3, 14, 4), 'red')": 0.0, "((3, 19, 5), 'red')": 0.0, "((1, 2, 10), 'green')": 0.0, "((1, 3, 1), 'green')": 0.0, "((1, 4, 6), 'green')": 0.0, "((1, 5, 8), 'green')": 0.0, "((1, 8, 5), 'green')": 0.0, "((1, 18, 7), 'green')": 0.0, "((3, 1, 9), 'red')": 99.9999999999992, "((3, 2, 10), 'red')": 99.9999999999992, "((3, 6, 2), 'red')": 0.0, "((3, 8, 3), 'red')": 0.0, "((3, 10, 1), 'red')": 0.0, "((3, 13, 4), 'red')": 0.0, "((3, 18, 5), 'red')": 0.0, "((1, 1, 10), 'green')": 0.0, "((1, 2, 1), 'green')": 0.0, "((1, 3, 6), 'green')": 0.0, "((1, 4, 8), 'green')": 0.0, "((1, 7, 5), 'green')": 0.0, "((1, 17, 7), 'green')": 0.0, "((3, 5, 2), 'red')": 0.0, "((3, 7, 3), 'red')": 0.0, "((3, 9, 1), 'red')": 0.0, "((3, 12, 4), 'red')": 99.94999224879852, "((3, 17, 5), 'red')": 0.0, "((3, 20, 6), 'red')": 0.0, "((1, 1, 1), 'green')": 0.0, "((1, 2, 6), 'green')": 0.0, "((1, 3, 8), 'green')": 0.0, "((1, 6, 5), 'green')": 0.0, "((1, 16, 7), 'green')": 0.0, "((3, 4, 2), 'red')": 99.9999999999992, "((3, 6, 3), 'red')": 0.0, "((3, 8, 1), 'red')": 0.0, "((3, 11, 4), 'red')": 0.0, "((3, 16, 5), 'red')": 0.0, "((3, 19, 6), 'red')": 0.0, "((1, 1, 6), 'green')": 0.0, "((1, 2, 8), 'green')": 0.0, "((1, 5, 5), 'green')": 0.0, "((1, 15, 7), 'green')": 0.0, "((3, 5, 3), 'red')": 99.9999999999992, "((3, 7, 1), 'red')": 0.0, "((3, 10, 4), 'red')": 0.0, "((3, 15, 5), 'red')": 0.0, "((3, 18, 6), 'red')": 0.0, "((1, 1, 8), 'green')": 0.0, "((1, 4, 5), 'green')": 0.0, "((1, 14, 7), 'green')": 0.0, "((3, 6, 1), 'red')": 99.9999999999992, "((3, 9, 4), 'red')": 0.0, "((3, 14, 5), 'red')": 99.94999224879852, "((3, 17, 6), 'red')": 0.0, "((1, 3, 5), 'green')": 0.0, "((1, 13, 7), 'green')": 0.0, "((3, 8, 4), 'red')": 0.0, "((3, 13, 5), 'red')": 0.0, "((3, 16, 6), 'red')": 0.0, "((1, 2, 5), 'green')": 0.0, "((1, 12, 7), 'green')": 0.0, "((3, 7, 4), 'red')": 99.9999999999992, "((3, 12, 5), 'red')": 0.0, "((3, 15, 6), 'red')": 0.0, "((1, 1, 5), 'green')": 0.0, "((1, 11, 7), 'green')": 0.0, "((3, 11, 5), 'red')": 0.0, "((3, 14, 6), 'red')": 0.0, "((1, 10, 7), 'green')": 0.0, "((3, 10, 5), 'red')": 99.9999999999992, "((3, 13, 6), 'red')": 0.0, "((3, 20, 7), 'red')": 0.995, "((1, 9, 7), 'green')": 0.0, "((3, 12, 6), 'red')": 0.0, "((1, 8, 7), 'green')": 0.0, "((3, 11, 6), 'red')": 99.9999999999992, "((3, 19, 7), 'red')": 0.0, "((1, 7, 7), 'green')": 0.0, "((3, 18, 7), 'red')": 0.0, "((1, 6, 7), 'green')": 0.0, "((3, 17, 7), 'red')": 0.0, "((1, 5, 7), 'green')": 0.0, "((1, 20, 4), 'green')": 0.4186412287641339,