{"Q": {"((0, 20, 1), 'green')": 0.41787824197127893, "((0, 20, 8), 'green')": 0.41909693687127025, "((0, 19, 1), 'green')": 0.0, "((0, 20, 7), 'green')": 0.4105668067023628, "((0, 18, 1), 'green')": 0.0, "((0, 19, 8), 'green')": 0.0, "((0, 20, 9), 'green')": 0.41200632454074976, "((0, 17, 1), 'green')": 0.0, "((0, 18, 8), 'green')": 0.0, "((0, 19, 7), 'green')": 0.0, "((0, 16, 1), 'green')": 0.0, "((0, 17, 8), 'green')": 0.0, "((0, 18, 7), 'green')": 0.0, "((0, 19, 9), 'green')": 0.0, "((0, 15, 1), 'green')": 0.0, "((0, 16, 8), 'green')": 0.0, "((0, 17, 7), 'green')": 0.0, "((0, 18, 9), 'green')": 0.0, "((0, 14, 1), 'green')": 0.0, "((0, 15, 8), 'green')": 0.0, "((0, 16, 7), 'green')": 0.0, "((0, 17, 9), 'green')": 0.0, "((0, 13, 1), 'green')": 0.0, "((0, 14, 8), 'green')": 0.0, "((0, 15, 7), 'green')": 0.0, "((0, 16, 9), 'green')": 0.0, "((0, 12, 1), 'green')": 0.0, "((0, 13, 8), 'green')": 0.0, "((0, 14, 7), 'green')": 0.0, "((0, 15, 9), 'green')": 0.0, "((0, 11, 1), 'green')": 0.0, "((0, 12, 8), 'green')": 0.0, "((0, 13, 7), 'green')": 0.0, "((0, 14, 9), 'green')": 0.0, "((0, 10, 1), 'green')": 0.0, "((0, 11, 8), 'green')": 0.0, "((0, 12, 7), 'green')": 0.0, "((0, 13, 9), 'green')": 0.0, "((0, 20, 5), 'green')": 0.4197427664488917, "((0, 9, 1), 'green')": 0.0, "((0, 10, 8), 'green')": 0.0, "((0, 11, 7), 'green')": 0.0, "((0, 12, 9), 'green')": 0.0, "((0, 19, 5), 'green')": 0.0, "((0, 8, 1), 'green')": 0.0, "((0, 9, 8), 'green')": 0.0, "((0, 10, 7), 'green')": 0.0, "((0, 11, 9), 'green')": 0.0, "((0, 18, 5), 'green')": 0.0, "((0, 20, 4), 'green')": 0.40213812344717753, "((0, 7, 1), 'green')": 0.0, "((0, 8, 8), 'green')": 0.0, "((0, 9, 7), 'green')": 0.0, "((0, 10, 9), 'green')": 0.0, "((0, 17, 5), 'green')": 0.0, "((0, 19, 4), 'green')": 0.0, "((0, 20, 10), 'green')": 0.4100775586016129, "((0, 6, 1), 'green')": 0.0, "((0, 7, 8), 'green')": 0.0, "((0, 8, 7), 'green')": 0.0, "((0, 9, 9), 'green')": 0.0, "((0, 16, 5), 'green')": 0.0, "((0, 18, 4), 'green')": 0.0, "((0, 19, 10), 'green')": 0.0, "((0, 5, 1), 'green')": 0.0, "((0, 6, 8), 'green')": 0.0, "((0, 7, 7), 'green')": 0.0, "((0, 8, 9), 'green')": 0.0, "((0, 15, 5), 'green')": 0.0, "((0, 17, 4), 'green')": 0.0, "((0, 18, 10), 'green')": 0.0, "((0, 4, 1), 'green')": 0.0, "((0, 5, 8), 'green')": 0.0, "((0, 6, 7), 'green')": 0.0, "((0, 7, 9), 'green')": 0.0, "((0, 14, 5), 'green')": 0.0, "((0, 16, 4), 'green')": 0.0, "((0, 17, 10), 'green')": 0.0, "((0, 3, 1), 'green')": 0.0, "((0, 4, 8), 'green')": 0.0, "((0, 5, 7), 'green')": 0.0, "((0, 6, 9), 'green')": 0.0, "((0, 13, 5), 'green')": 0.0, "((0, 15, 4), 'green')": 0.0, "((0, 16, 10), 'green')": 0.0, "((0, 2, 1), 'green')": 0.0, "((0, 3, 8), 'green')": 0.0, "((0, 4, 7), 'green')": 0.0, "((0, 5, 9), 'green')": 0.0, "((0, 12, 5), 'green')": 0.0, "((0, 14, 4), 'green')": 0.0, "((0, 15, 10), 'green')": 0.0, "((0, 1, 1), 'green')": 0.0, "((0, 2, 8), 'green')": 0.0, "((0, 3, 7), 'green')": 0.0, "((0, 4, 9), 'green')": 0.0, "((0, 11, 5), 'green')": 0.0, "((0, 13, 4), 'green')": 0.0, "((0, 14, 10), 'green')": 0.0, "((0, 1, 8), 'green')": 0.0, "((0, 2, 7), 'green')": 0.0, "((0, 3, 9), 'green')": 0.0, "((0, 10, 5), 'green')": 0.0, "((0, 12, 4), 'green')": 0.0, "((0, 13, 10), 'green')": 0.0, "((0, 1, 7), 'green')": 0.0, "((0, 2, 9), 'green')": 0.0, "((0, 9, 5), 'green')": 0.0, "((0, 11, 4), 'green')": 0.0, "((0, 12, 10), 'green')": 0.0, "((0, 20, 3), 'green')": 0.41886064618571595, "((0, 1, 9), 'green')": 0.0, "((0, 8, 5), 'green')": 0.0, "((0, 10, 4), 'green')": 0.0, "((0, 11, 10), 'green')": 0.0, "((0, 19, 3), 'green')": 0.0, "((0, 7, 5), 'green')": 0.0, "((0, 9, 4), 'green')": 0.0, "((0, 10, 10), 'green')": 0.0, "((0, 18, 3), 'green')": 0.0, "((0, 6, 5), 'green')": 0.0, "((0, 8, 4), 'green')": 0.0, "((0, 9, 10), 'green')": 0.0, "((0, 17, 3), 'green')": 0.0, "((0, 5, 5), 'green')": 0.0, "((0, 7, 4), 'green')": 0.0, "((0, 8, 10), 'green')": 0.0, "((0, 16, 3), 'green')": 0.0, "((0, 4, 5), 'green')": 0.0, "((0, 6, 4), 'green')": 0.0, "((0, 7, 10), 'green')": 0.0, "((0, 15, 3), 'green')": 0.0, "((0, 3, 5), 'green')": 0.0, "((0, 5, 4), 'green')": 0.0, "((0, 6, 10), 'green')": 0.0, "((0, 14, 3), 'green')": 0.0, "((0, 2, 5), 'green')": 0.0, "((0, 4, 4), 'green')": 0.0, "((0, 5, 10), 'green')": 0.0, "((0, 13, 3), 'green')": 0.0, "((0, 1, 5), 'green')": 0.0, "((0, 3, 4), 'green')": 0.0, "((0, 4, 10), 'green')": 0.0, "((0, 12, 3), 'green')": 0.0, "((0, 2, 4), 'green')": 0.0, "((0, 3, 10), 'green')": 0.0, "((0, 11, 3), 'green')": 0.0, "((0, 1, 4), 'green')": 0.0, "((0, 2, 10), 'green')": 0.0, "((0, 10, 3), 'green')": 0.0, "((0, 1, 10), 'green')": 0.0, "((0, 9, 3), 'green')": 0.0, "((0, 8, 3), 'green')": 0.0, "((0, 7, 3), 'green')": 0.0, "((0, 6, 3), 'green')": 0.0, "((0, 5, 3), 'green')": 0.0, "((0, 4, 3), 'green')": 0.0, "((0, 20, 6), 'green')": 0.4158207999202656, "((0, 3, 3), 'green')": 0.0, "((0, 19, 6), 'green')": 0.0, "((0, 2, 3), 'green')": 0.0, "((0, 18, 6), 'green')": 0.0, "((0, 1, 3), 'green')": 0.0, "((0, 17, 6), 'green')": 0.0, "((0, 16, 6), 'green')": 0.0, "((0, 20, 2), 'green')": 0.4047269218856207, "((0, 15, 6), 'green')": 0.0, "((0, 19, 2), 'green')": 0.0, "((0, 14, 6), 'green')": 0.0, "((0, 18, 2), 'green')": 0.0, "((0, 13, 6), 'green')": 0.0, "((0, 17, 2), 'green')": 0.0, "((0, 12, 6), 'green')": 0.0, "((0, 16, 2), 'green')": 0.0, "((0, 11, 6), 'green')": 0.0, "((0, 15, 2), 'green')": 0.0, "((0, 10, 6), 'green')": 0.0, "((0, 14, 2), 'green')": 0.0, "((0, 9, 6), 'green')": 0.0, "((0, 13, 2), 'green')": 0.0, "((0, 8, 6), 'green')": 0.0, "((0, 12, 2), 'green')": 0.0, "((0, 7, 6), 'green')": 0.0, "((0, 11, 2), 'green')": 0.0, "((0, 6, 6), 'green')": 0.0, "((0, 10, 2), 'green')": 0.0, "((0, 5, 6), 'green')": 0.0, "((0, 9, 2), 'green')": 0.0, "((0, 4, 6), 'green')": 0.0, "((0, 8, 2), 'green')": 0.0, "((0, 3, 6), 'green')": 0.0, "((0, 7, 2), 'green')": 0.0, "((0, 2, 6), 'green')": 0.0, "((0, 6, 2), 'green')": 0.0, "((0, 1, 6), 'green')": 0.0, "((0, 5, 2), 'green')": 0.0, "((0, 4, 2), 'green')": 0.0, "((0, 3, 2), 'green')": 0.0, "((0, 2, 2), 'green')": 0.0, "((0, 1, 2), 'green')": 0.0}, "V": {"(0, 20, 1)": 0.41787824197127893, "(0, 20, 8)": 0.41909693687127025, "(0, 19, 1)": 0.0, "(0, 20, 7)": 0.4105668067023628, "(0, 18, 1)": 0.0, "(0, 19, 8)": 0.0, "(0, 20, 9)": 0.41200632454074976, "(0, 17, 1)": 0.0, "(0, 18, 8)": 0.0, "(0, 19, 7)": 0.0, "(0, 16, 1)": 0.0, "(0, 17, 8)": 0.0, "(0, 18, 7)": 0.0, "(0, 19, 9)": 0.0, "(0, 15, 1)": 0.0, "(0, 16, 8)": 0.0, "(0, 17, 7)": 0.0, "(0, 18, 9)": 0.0, "(0, 14, 1)": 0.0, "(0, 15, 8)": 0.0, "(0, 16, 7)": 0.0, "(0, 17, 9)": 0.0, "(0, 13, 1)": 0.0, "(0, 14, 8)": 0.0, "(0, 15, 7)": 0.0, "(0, 16, 9)": 0.0, "(0, 12, 1)": 0.0, "(0, 13, 8)": 0.0, "(0, 14, 7)": 0.0, "(0, 15, 9)": 0.0, "(0, 11, 1)": 0.0, "(0, 12, 8)": 0.0, "(0, 13, 7)": 0.0, "(0, 14, 9)": 0.0, "(0, 10, 1)": 0.0, "(0, 11, 8)": 0.0, "(0, 12, 7)": 0.0, "(0, 13, 9)": 0.0, "(0, 20, 5)": 0.4197427664488917, "(0, 9, 1)": 0.0, "(0, 10, 8)": 0.0, "(0, 11, 7)": 0.0, "(0, 12, 9)": 0.0, "(0, 19, 5)": 0.0, "(0, 8, 1)": 0.0, "(0, 9, 8)": 0.0, "(0, 10, 7)": 0.0, "(0, 11, 9)": 0.0, "(0, 18, 5)": 0.0, "(0, 20, 4)": 0.40213812344717753, "(0, 7, 1)": 0.0, "(0, 8, 8)": 0.0, "(0, 9, 7)": 0.0, "(0, 10, 9)": 0.0, "(0, 17, 5)": 0.0, "(0, 19, 4)": 0.0, "(0, 20, 10)": 0.4100775586016129, "(0, 6, 1)": 0.0, "(0, 7, 8)": 0.0, "(0, 8, 7)": 0.0, "(0, 9, 9)": 0.0, "(0, 16, 5)": 0.0, "(0, 18, 4)": 0.0, "(0, 19, 10)": 0.0, "(0, 5, 1)": 0.0, "(0, 6, 8)": 0.0, "(0, 7, 7)": 0.0, "(0, 8, 9)": 0.0, "(0, 15, 5)": 0.0, "(0, 17, 4)": 0.0, "(0, 18, 10)": 0.0, "(0, 4, 1)": 0.0, "(0, 5, 8)": 0.0, "(0, 6, 7)": 0.0, "(0, 7, 9)": 0.0, "(0, 14, 5)": 0.0, "(0, 16, 4)": 0.0, "(0, 17, 10)": 0.0, "(0, 3, 1)": 0.0, "(0, 4, 8)": 0.0, "(0, 5, 7)": 0.0, "(0, 6, 9)": 0.0, "(0, 13, 5)": 0.0, "(0, 15, 4)": 0.0, "(0, 16, 10)": 0.0, "(0, 2, 1)": 0.0, "(0, 3, 8)": 0.0, "(0, 4, 7)": 0.0, "(0, 5, 9)": 0.0, "(0, 12, 5)": 0.0, "(0, 14, 4)": 0.0, "(0, 15, 10)": 0.0, "(0, 1, 1)": 0.0, "(0, 2, 8)": 0.0, "(0, 3, 7)": 0.0,