{"Q": {"((2, 20, 3), 'red')": 0.0, "((1, 20, 7), 'green')": 0.4195354116605279, "((2, 19, 3), 'red')": 0.0, "((2, 20, 8), 'red')": 0.413766625, "((1, 19, 7), 'green')": 0.0, "((2, 18, 3), 'red')": 0.0, "((1, 18, 7), 'green')": 0.0, "((1, 20, 3), 'green')": 0.4249196160454735, "((2, 17, 3), 'red')": 0.0, "((2, 19, 8), 'red')": 0.0, "((1, 17, 7), 'green')": 0.0, "((1, 19, 3), 'green')": 0.0, "((2, 16, 3), 'red')": 0.0, "((2, 18, 8), 'red')": 0.0, "((2, 20, 4), 'red')": 0.0, "((2, 20, 9), 'red')": 99.94999149855471, "((1, 16, 7), 'green')": 0.0, "((1, 18, 3), 'green')": 0.0, "((1, 20, 8), 'green')": 0.4312361031004051, "((2, 15, 3), 'red')": 0.0, "((2, 17, 8), 'red')": 0.0, "((2, 19, 4), 'red')": 0.0, "((2, 20, 7), 'red')": 0.995, "((2, 20, 5), 'red')": 1.9127703180542845, "((1, 15, 7), 'green')": 0.0, "((1, 17, 3), 'green')": 0.0, "((1, 19, 8), 'green')": 0.0, "((2, 14, 3), 'red')": 0.0, "((2, 16, 8), 'red')": 0.0, "((2, 18, 4), 'red')": 0.0, "((2, 19, 9), 'red')": 0.0, "((2, 20, 2), 'red')": 1.9187985029999997, "((1, 14, 7), 'green')": 0.0, "((1, 16, 3), 'green')": 0.0, "((1, 18, 8), 'green')": 0.0, "((2, 13, 3), 'red')": 0.0, "((2, 15, 8), 'red')": 0.0, "((2, 17, 4), 'red')": 0.0, "((2, 18, 9), 'red')": 0.0, "((2, 19, 7), 'red')": 0.0, "((1, 13, 7), 'green')": 0.0, "((1, 15, 3), 'green')": 0.0, "((1, 17, 8), 'green')": 0.0, "((1, 20, 4), 'green')": 0.4098026607790766, "((2, 12, 3), 'red')": 0.0, "((2, 14, 8), 'red')": 0.0, "((2, 16, 4), 'red')": 0.0, "((2, 17, 9), 'red')": 0.0, "((2, 18, 7), 'red')": 0.0, "((2, 19, 5), 'red')": 0.0, "((1, 12, 7), 'green')": 0.0, "((1, 14, 3), 'green')": 0.0, "((1, 16, 8), 'green')": 0.0, "((1, 19, 4), 'green')": 0.0, "((2, 11, 3), 'red')": 0.0, "((2, 13, 8), 'red')": 0.0, "((2, 15, 4), 'red')": 99.90003351353084, "((2, 16, 9), 'red')": 0.0, "((2, 17, 7), 'red')": 0.0, "((2, 18, 5), 'red')": 99.90003301386355, "((2, 19, 2), 'red')": 0.0, "((1, 11, 7), 'green')": 0.0, "((1, 13, 3), 'green')": 0.0, "((1, 15, 8), 'green')": 0.0, "((1, 18, 4), 'green')": 0.0, "((1, 20, 1), 'green')": 0.4082724424174388, "((2, 10, 3), 'red')": 0.0, "((2, 12, 8), 'red')": 0.0, "((2, 14, 4), 'red')": 0.0, "((2, 15, 9), 'red')": 0.0, "((2, 16, 7), 'red')": 0.0, "((2, 17, 5), 'red')": 0.0, "((2, 18, 2), 'red')": 0.0, "((1, 10, 7), 'green')": 0.0, "((1, 12, 3), 'green')": 0.0, "((1, 14, 8), 'green')": 0.0, "((1, 17, 4), 'green')": 0.0, "((1, 19, 1), 'green')": 0.0, "((2, 9, 3), 'red')": 0.0, "((2, 11, 8), 'red')": 99.99895085323271, "((2, 13, 4), 'red')": 0.0, "((2, 14, 9), 'red')": 0.0, "((2, 15, 7), 'red')": 0.0, "((2, 16, 5), 'red')": 0.0, "((2, 17, 2), 'red')": 99.94999149855471, "((1, 9, 7), 'green')": 0.0, "((1, 11, 3), 'green')": 0.0, "((1, 13, 8), 'green')": 0.0, "((1, 16, 4), 'green')": 0.0, "((1, 18, 1), 'green')": 0.0, "((2, 8, 3), 'red')": 0.0, "((2, 10, 8), 'red')": 99.9499944993949, "((2, 12, 4), 'red')": 99.94999224879852, "((2, 13, 9), 'red')": 0.0, "((2, 14, 7), 'red')": 0.0, "((2, 15, 5), 'red')": 0.0, "((2, 16, 2), 'red')": 0.0, "((1, 8, 7), 'green')": 0.0, "((1, 10, 3), 'green')": 0.0, "((1, 12, 8), 'green')": 0.0, "((1, 15, 4), 'green')": 0.0, "((1, 17, 1), 'green')": 0.0, "((2, 7, 3), 'red')": 0.0, "((2, 9, 8), 'red')": 0.0, "((2, 11, 4), 'red')": 0.0, "((2, 12, 9), 'red')": 0.0, "((2, 13, 7), 'red')": 0.0, "((2, 14, 5), 'red')": 0.0, "((2, 15, 2), 'red')": 0.0, "((1, 7, 7), 'green')": 0.0, "((1, 9, 3), 'green')": 0.0, "((1, 11, 8), 'green')": 0.0, "((1, 14, 4), 'green')": 0.0, "((1, 16, 1), 'green')": 0.0, "((1, 20, 2), 'green')": 0.40589151183462263, "((2, 6, 3), 'red')": 0.0, "((2, 8, 8), 'red')": 0.0, "((2, 10, 4), 'red')": 0.0, "((2, 11, 9), 'red')": 0.0, "((2, 12, 7), 'red')": 0.0, "((2, 13, 5), 'red')": 0.0, "((2, 14, 2), 'red')": 0.0, "((1, 6, 7), 'green')": 0.0, "((1, 8, 3), 'green')": 0.0, "((1, 10, 8), 'green')": 0.0, "((1, 13, 4), 'green')": 0.0, "((1, 15, 1), 'green')": 0.0, "((1, 19, 2), 'green')": 0.0, "((2, 5, 3), 'red')": 0.0, "((2, 7, 8), 'red')": 0.0, "((2, 9, 4), 'red')": 0.0, "((2, 10, 9), 'red')": 0.0, "((2, 11, 7), 'red')": 0.0, "((2, 12, 5), 'red')": 0.0, "((2, 13, 2), 'red')": 0.0, "((1, 5, 7), 'green')": 0.0, "((1, 7, 3), 'green')": 0.0, "((1, 9, 8), 'green')": 0.0, "((1, 12, 4), 'green')": 0.0, "((1, 14, 1), 'green')": 0.0, "((1, 18, 2), 'green')": 0.0, "((2, 4, 3), 'red')": 0.0, "((2, 6, 8), 'red')": 0.0, "((2, 8, 4), 'red')": 0.0, "((2, 9, 9), 'red')": 0.0, "((2, 10, 7), 'red')": 0.0, "((2, 11, 5), 'red')": 0.0, "((2, 12, 2), 'red')": 0.0, "((1, 4, 7), 'green')": 0.0, "((1, 6, 3), 'green')": 0.0, "((1, 8, 8), 'green')": 0.0, "((1, 11, 4), 'green')": 0.0, "((1, 13, 1), 'green')": 0.0, "((1, 17, 2), 'green')": 0.0, "((2, 3, 3), 'red')": 0.0, "((2, 5, 8), 'red')": 0.0, "((2, 7, 4), 'red')": 0.0, "((2, 8, 9), 'red')": 0.0, "((2, 9, 7), 'red')": 0.0, "((2, 10, 5), 'red')": 0.0, "((2, 11, 2), 'red')": 0.0, "((1, 3, 7), 'green')": 0.0, "((1, 5, 3), 'green')": 0.0, "((1, 7, 8), 'green')": 0.0, "((1, 10, 4), 'green')": 0.0, "((1, 12, 1), 'green')": 0.0, "((1, 16, 2), 'green')": 0.0, "((2, 2, 3), 'red')": 99.99949994749448, "((2, 4, 8), 'red')": 0.0, "((2, 6, 4), 'red')": 0.0, "((2, 7, 9), 'red')": 0.0, "((2, 8, 7), 'red')": 0.0, "((2, 9, 5), 'red')": 99.9499944993949, "((2, 10, 2), 'red')": 0.0, "((1, 2, 7), 'green')": 0.0, "((1, 4, 3), 'green')": 0.0, "((1, 6, 8), 'green')": 0.0, "((1, 9, 4), 'green')": 0.0, "((1, 11, 1), 'green')": 0.0, "((1, 15, 2), 'green')": 0.0, "((2, 1, 3), 'red')": 99.9999999999992, "((2, 3, 8), 'red')": 99.9999999999992, "((2, 5, 4), 'red')": 0.0, "((2, 6, 9), 'red')": 0.0, "((2, 7, 7), 'red')": 0.0, "((2, 8, 5), 'red')": 0.0, "((2, 9, 2), 'red')": 0.0, "((1, 1, 7), 'green')": 0.0, "((1, 3, 3), 'green')": 0.0, "((1, 5, 8), 'green')": 0.0, "((1, 8, 4), 'green')": 0.0, "((1, 10, 1), 'green')": 0.0, "((1, 14, 2), 'green')": 0.0, "((2, 4, 4), 'red')": 99.9999999999992, "((2, 5, 9), 'red')": 99.9999999999992, "((2, 6, 7), 'red')": 99.9999999999992, "((2, 7, 5), 'red')": 99.9999999999992, "((2, 8, 2), 'red')": 99.9999999999992, "((1, 2, 3), 'green')": 0.0, "((1, 4, 8), 'green')": 0.0, "((1, 7, 4), 'green')": 0.0, "((1, 9, 1), 'green')": 0.0, "((1, 13, 2), 'green')": 0.0, "((1, 1, 3), 'green')": 0.0, "((1, 3, 8), 'green')": 0.0, "((1, 6, 4), 'green')": 0.0, "((1, 8, 1), 'green')": 0.0, "((1, 12, 2), 'green')": 0.0, "((2, 20, 6), 'red')": 0.99335, "((1, 2, 8), 'green')": 0.0, "((1, 5, 4), 'green')": 0.0, "((1, 7, 1), 'green')": 0.0, "((1, 11, 2), 'green')": 0.0, "((2, 19, 6), 'red')": 99.94999149855471, "((2, 20, 10), 'red')": 0.0, "((1, 1, 8), 'green')": 0.0, "((1, 4, 4), 'green')": 0.0, "((1, 6, 1), 'green')": 0.0, "((1, 10, 2), 'green')": 0.0, "((2, 18, 6), 'red')": 0.0, "((2, 19, 10), 'red')": 0.0, "((1, 3, 4), 'green')": 0.0, "((1, 5, 1), 'green')": 0.0, "((1, 9, 2), 'green')": 0.0, "((2, 17, 6), 'red')": 0.0, "((2, 18, 10), 'red')": 0.0, "((1, 2, 4), 'green')": 0.0, "((1, 4, 1), 'green')": 0.0, "((1, 8, 2), 'green')": 0.0, "((2, 16, 6), 'red')": 0.0, "((2, 17, 10), 'red')": 0.0, "((1, 1, 4), 'green')": 0.0, "((1, 3, 1), 'green')": 0.0, "((1, 7, 2), 'green')": 0.0, "((1, 20, 10), 'green')": 0.40223817715884214, "((1, 20, 5), 'green')": 0.4327951040832003, "((2, 15, 6), 'red')": 0.0, "((2, 16, 10), 'red')": 99.94999149855471, "((1, 2, 1), 'green')": 0.0, "((1, 6, 2), 'green')": 0.0, "((1, 19, 10), 'green')": 0.0, "((2, 14, 6), 'red')": 0.0, "((2, 15, 10), 'red')": 0.0, "((1, 1, 1), 'green')": 0.0, "((1, 5, 2), 'green')": 0.0, "((1, 18, 10), 'green')": 0.0, "((1, 19, 5), 'green')": 0.0, "((2, 13, 6), 'red')": 99.9999999999992, "((2, 14, 10), 'red')": 99.9999999999992, "((1, 4, 2), 'green')": 0.0, "((1, 17, 10), 'green')": 0.0, "((1, 18, 5), 'green')": 0.0, "((1, 3, 2), 'green')": 0.0, "((1, 16, 10), 'green')": 0.0, "((1, 17, 5), 'green')": 0.0, "((1, 2, 2), 'green')": 0.0, "((1, 15, 10), 'green')": 0.0, "((1, 16, 5), 'green')": 0.0, "((1, 1, 2), 'green')": 0.0, "((1, 14, 10), 'green')": 0.0, "((1, 15, 5), 'green')": 0.0, "((1, 13, 10), 'green')": 0.0, "((1, 14, 5), 'green')": 0.0,