{"Q": {"((0, 20, 6), 'green')": 0.41450096677488724, "((3, 20, 5), 'red')": 0.0, "((0, 19, 6), 'green')": 0.0, "((3, 19, 5), 'red')": 0.0, "((0, 18, 6), 'green')": 0.0, "((3, 18, 5), 'red')": 0.0, "((3, 20, 4), 'red')": 0.66334, "((0, 17, 6), 'green')": 0.0, "((0, 20, 2), 'green')": 0.417679018746205, "((3, 17, 5), 'red')": 0.0, "((3, 19, 4), 'red')": 0.0, "((0, 16, 6), 'green')": 0.0, "((0, 19, 2), 'green')": 0.0, "((0, 20, 5), 'green')": 0.4105043300362138, "((3, 16, 5), 'red')": 0.0, "((3, 18, 4), 'red')": 99.90002801691587, "((0, 15, 6), 'green')": 0.0, "((0, 18, 2), 'green')": 0.0, "((0, 19, 5), 'green')": 0.0, "((3, 15, 5), 'red')": 0.0, "((3, 17, 4), 'red')": 0.0, "((3, 20, 3), 'red')": 0.0, "((3, 20, 1), 'red')": 0.5808328114689726, "((0, 14, 6), 'green')": 0.0, "((0, 17, 2), 'green')": 0.0, "((0, 18, 5), 'green')": 0.0, "((3, 14, 5), 'red')": 0.0, "((3, 16, 4), 'red')": 0.0, "((3, 19, 3), 'red')": 0.0, "((0, 13, 6), 'green')": 0.0, "((0, 16, 2), 'green')": 0.0, "((0, 17, 5), 'green')": 0.0, "((3, 13, 5), 'red')": 0.0, "((3, 15, 4), 'red')": 0.0, "((3, 18, 3), 'red')": 0.0, "((3, 19, 1), 'red')": 0.0, "((0, 12, 6), 'green')": 0.0, "((0, 15, 2), 'green')": 0.0, "((0, 16, 5), 'green')": 0.0, "((3, 12, 5), 'red')": 0.0, "((3, 14, 4), 'red')": 0.0, "((3, 17, 3), 'red')": 0.0, "((3, 18, 1), 'red')": 0.0, "((0, 11, 6), 'green')": 0.0, "((0, 14, 2), 'green')": 0.0, "((0, 15, 5), 'green')": 0.0, "((3, 11, 5), 'red')": 99.9989507808469, "((3, 13, 4), 'red')": 0.0, "((3, 16, 3), 'red')": 0.0, "((3, 17, 1), 'red')": 99.70068281311491, "((0, 10, 6), 'green')": 0.0, "((0, 13, 2), 'green')": 0.0, "((0, 14, 5), 'green')": 0.0, "((3, 10, 5), 'red')": 99.94999024809832, "((3, 12, 4), 'red')": 0.0, "((3, 15, 3), 'red')": 0.0, "((3, 16, 1), 'red')": 0.0, "((0, 9, 6), 'green')": 0.0, "((0, 12, 2), 'green')": 0.0, "((0, 13, 5), 'green')": 0.0, "((3, 9, 5), 'red')": 0.0, "((3, 11, 4), 'red')": 0.0, "((3, 14, 3), 'red')": 0.0, "((3, 15, 1), 'red')": 0.0, "((0, 8, 6), 'green')": 0.0, "((0, 11, 2), 'green')": 0.0, "((0, 12, 5), 'green')": 0.0, "((0, 20, 10), 'green')": 0.41203550191592325, "((3, 8, 5), 'red')": 0.0, "((3, 10, 4), 'red')": 0.0, "((3, 13, 3), 'red')": 0.0, "((3, 14, 1), 'red')": 99.99701071289238, "((0, 7, 6), 'green')": 0.0, "((0, 10, 2), 'green')": 0.0, "((0, 11, 5), 'green')": 0.0, "((0, 19, 10), 'green')": 0.0, "((3, 7, 5), 'red')": 0.0, "((3, 9, 4), 'red')": 99.94999024809832, "((3, 12, 3), 'red')": 0.0, "((3, 13, 1), 'red')": 99.80025582081687, "((0, 6, 6), 'green')": 0.0, "((0, 9, 2), 'green')": 0.0, "((0, 10, 5), 'green')": 0.0, "((0, 18, 10), 'green')": 0.0, "((3, 6, 5), 'red')": 0.0, "((3, 8, 4), 'red')": 0.0, "((3, 11, 3), 'red')": 0.0, "((3, 12, 1), 'red')": 0.0, "((3, 20, 8), 'red')": 99.99895077960805, "((0, 5, 6), 'green')": 0.0, "((0, 8, 2), 'green')": 0.0, "((0, 9, 5), 'green')": 0.0, "((0, 17, 10), 'green')": 0.0, "((3, 5, 5), 'red')": 0.0, "((3, 7, 4), 'red')": 0.0, "((3, 10, 3), 'red')": 0.0, "((3, 11, 1), 'red')": 0.0, "((3, 19, 8), 'red')": 99.9499889975794, "((0, 4, 6), 'green')": 0.0, "((0, 7, 2), 'green')": 0.0, "((0, 8, 5), 'green')": 0.0, "((0, 16, 10), 'green')": 0.0, "((3, 4, 5), 'red')": 0.0, "((3, 6, 4), 'red')": 0.0, "((3, 9, 3), 'red')": 0.0, "((3, 10, 1), 'red')": 0.0, "((3, 18, 8), 'red')": 0.0, "((0, 3, 6), 'green')": 0.0, "((0, 6, 2), 'green')": 0.0, "((0, 7, 5), 'green')": 0.0, "((0, 15, 10), 'green')": 0.0, "((3, 3, 5), 'red')": 0.0, "((3, 5, 4), 'red')": 0.0, "((3, 8, 3), 'red')": 0.0, "((3, 9, 1), 'red')": 0.0, "((3, 17, 8), 'red')": 0.0, "((0, 2, 6), 'green')": 0.0, "((0, 5, 2), 'green')": 0.0, "((0, 6, 5), 'green')": 0.0, "((0, 14, 10), 'green')": 0.0, "((3, 2, 5), 'red')": 0.0, "((3, 4, 4), 'red')": 0.0, "((3, 7, 3), 'red')": 0.0, "((3, 8, 1), 'red')": 99.85012821457333, "((3, 16, 8), 'red')": 0.0, "((0, 1, 6), 'green')": 0.0, "((0, 4, 2), 'green')": 0.0, "((0, 5, 5), 'green')": 0.0, "((0, 13, 10), 'green')": 0.0, "((3, 1, 5), 'red')": 99.9999999999992, "((3, 3, 4), 'red')": 0.0, "((3, 6, 3), 'red')": 0.0, "((3, 7, 1), 'red')": 0.0, "((3, 15, 8), 'red')": 0.0, "((0, 3, 2), 'green')": 0.0, "((0, 4, 5), 'green')": 0.0, "((0, 12, 10), 'green')": 0.0, "((3, 2, 4), 'red')": 99.9999999999992, "((3, 5, 3), 'red')": 0.0, "((3, 6, 1), 'red')": 99.99899988999029, "((3, 14, 8), 'red')": 0.0, "((0, 2, 2), 'green')": 0.0, "((0, 3, 5), 'green')": 0.0, "((0, 11, 10), 'green')": 0.0, "((3, 4, 3), 'red')": 0.0, "((3, 5, 1), 'red')": 99.99949994499396, "((3, 13, 8), 'red')": 0.0, "((0, 1, 2), 'green')": 0.0, "((0, 2, 5), 'green')": 0.0, "((0, 10, 10), 'green')": 0.0, "((3, 3, 3), 'red')": 99.9999999999992, "((3, 4, 1), 'red')": 99.9999999999992, "((3, 12, 8), 'red')": 0.0, "((0, 1, 5), 'green')": 0.0, "((0, 9, 10), 'green')": 0.0, "((0, 20, 1), 'green')": 0.41852062291486375, "((3, 11, 8), 'red')": 0.0, "((0, 8, 10), 'green')": 0.0, "((0, 19, 1), 'green')": 0.0, "((3, 10, 8), 'red')": 0.0, "((0, 7, 10), 'green')": 0.0, "((0, 18, 1), 'green')": 0.0, "((3, 9, 8), 'red')": 0.0, "((0, 6, 10), 'green')": 0.0, "((0, 17, 1), 'green')": 0.0, "((3, 8, 8), 'red')": 0.0, "((0, 5, 10), 'green')": 0.0, "((0, 16, 1), 'green')": 0.0, "((3, 7, 8), 'red')": 99.9999999999992, "((0, 4, 10), 'green')": 0.0, "((0, 15, 1), 'green')": 0.0, "((0, 20, 9), 'green')": 0.41360221029435795, "((0, 3, 10), 'green')": 0.0, "((0, 14, 1), 'green')": 0.0, "((0, 19, 9), 'green')": 0.0, "((0, 20, 7), 'green')": 0.41160734769251156, "((0, 2, 10), 'green')": 0.0, "((0, 13, 1), 'green')": 0.0, "((0, 18, 9), 'green')": 0.0, "((0, 19, 7), 'green')": 0.0, "((0, 1, 10), 'green')": 0.0, "((0, 12, 1), 'green')": 0.0, "((0, 17, 9), 'green')": 0.0, "((0, 18, 7), 'green')": 0.0, "((0, 11, 1), 'green')": 0.0, "((0, 16, 9), 'green')": 0.0, "((0, 17, 7), 'green')": 0.0, "((3, 20, 7), 'red')": 0.0, "((0, 10, 1), 'green')": 0.0, "((0, 15, 9), 'green')": 0.0, "((0, 16, 7), 'green')": 0.0, "((3, 19, 7), 'red')": 0.0, "((0, 9, 1), 'green')": 0.0, "((0, 14, 9), 'green')": 0.0, "((0, 15, 7), 'green')": 0.0, "((3, 18, 7), 'red')": 0.0, "((0, 8, 1), 'green')": 0.0, "((0, 13, 9), 'green')": 0.0, "((0, 14, 7), 'green')": 0.0, "((3, 17, 7), 'red')": 0.0, "((0, 7, 1), 'green')": 0.0, "((0, 12, 9), 'green')": 0.0, "((0, 13, 7), 'green')": 0.0, "((3, 16, 7), 'red')": 0.0, "((0, 6, 1), 'green')": 0.0, "((0, 11, 9), 'green')": 0.0, "((0, 12, 7), 'green')": 0.0, "((3, 15, 7), 'red')": 0.0, "((0, 5, 1), 'green')": 0.0, "((0, 10, 9), 'green')": 0.0, "((0, 11, 7), 'green')": 0.0, "((0, 20, 4), 'green')": 0.4185819766712871, "((3, 14, 7), 'red')": 0.0, "((0, 4, 1), 'green')": 0.0, "((0, 9, 9), 'green')": 0.0, "((0, 10, 7), 'green')": 0.0, "((0, 20, 3), 'green')": 0.41247764476818355, "((3, 13, 7), 'red')": 0.0, "((3, 20, 9), 'red')": 0.0, "((3, 20, 2), 'red')": 0.995, "((0, 3, 1), 'green')": 0.0, "((0, 8, 9), 'green')": 0.0, "((0, 9, 7), 'green')": 0.0, "((0, 19, 4), 'green')": 0.0, "((0, 20, 8), 'green')": 0.41883380137855847, "((3, 12, 7), 'red')": 99.9999999999992, "((3, 19, 9), 'red')": 0.0, "((0, 2, 1), 'green')": 0.0, "((0, 7, 9), 'green')": 0.0, "((0, 8, 7), 'green')": 0.0, "((0, 18, 4), 'green')": 0.0, "((0, 19, 3), 'green')": 0.0, "((3, 18, 9), 'red')": 0.0, "((3, 19, 2), 'red')": 0.0, "((0, 1, 1), 'green')": 0.0, "((0, 6, 9), 'green')": 0.0, "((0, 7, 7), 'green')": 0.0, "((0, 17, 4), 'green')": 0.0, "((0, 18, 3), 'green')": 0.0, "((0, 19, 8), 'green')": 0.0, "((3, 17, 9), 'red')": 0.0, "((3, 18, 2), 'red')": 0.0, "((0, 5, 9), 'green')": 0.0, "((0, 6, 7), 'green')": 0.0, "((0, 16, 4), 'green')": 0.0, "((0, 17, 3), 'green')": 0.0, "((0, 18, 8), 'green')": 0.0, "((3, 16, 9), 'red')": 0.0, "((3, 17, 2), 'red')": 0.0, "((0, 4, 9), 'green')": 0.0, "((0, 5, 7), 'green')": 0.0, "((0, 15, 4), 'green')": 0.0, "((0, 16, 3), 'green')": 0.0, "((0, 17, 8), 'green')": 0.0, "((3, 15, 9), 'red')": 99.9999999999992, "((3, 16, 2), 'red')": 99.9999999999992, "((0, 3, 9), 'green')": 0.0, "((0, 4, 7), 'green')": 0.0, "((0, 14, 4), 'green')": 0.0, "((0, 15, 3), 'green')": 0.0, "((0, 16, 8), 'green')": 0.0,