{"Q": {"((1, 20, 5), 'green')": 0.4147876499078416, "((1, 20, 6), 'green')": 0.4164884299297359, "((1, 19, 5), 'green')": 0.0, "((1, 20, 4), 'green')": 0.4275607080194451, "((1, 18, 5), 'green')": 0.0, "((1, 19, 6), 'green')": 0.0, "((1, 17, 5), 'green')": 0.0, "((1, 18, 6), 'green')": 0.0, "((1, 19, 4), 'green')": 0.0, "((1, 16, 5), 'green')": 0.0, "((1, 17, 6), 'green')": 0.0, "((1, 18, 4), 'green')": 0.0, "((1, 15, 5), 'green')": 0.0, "((1, 16, 6), 'green')": 0.0, "((1, 17, 4), 'green')": 0.0, "((1, 20, 10), 'green')": 0.42292340435288595, "((1, 20, 8), 'green')": 0.42971792687297006, "((1, 14, 5), 'green')": 0.0, "((1, 15, 6), 'green')": 0.0, "((1, 16, 4), 'green')": 0.0, "((1, 19, 10), 'green')": 0.0, "((1, 20, 9), 'green')": 0.42011332970272314, "((1, 13, 5), 'green')": 0.0, "((1, 14, 6), 'green')": 0.0, "((1, 15, 4), 'green')": 0.0, "((1, 18, 10), 'green')": 0.0, "((1, 19, 8), 'green')": 0.0, "((1, 20, 3), 'green')": 0.4230972682307051, "((1, 12, 5), 'green')": 0.0, "((1, 13, 6), 'green')": 0.0, "((1, 14, 4), 'green')": 0.0, "((1, 17, 10), 'green')": 0.0, "((1, 18, 8), 'green')": 0.0, "((1, 19, 9), 'green')": 0.0, "((1, 11, 5), 'green')": 0.0, "((1, 12, 6), 'green')": 0.0, "((1, 13, 4), 'green')": 0.0, "((1, 16, 10), 'green')": 0.0, "((1, 17, 8), 'green')": 0.0, "((1, 18, 9), 'green')": 0.0, "((1, 19, 3), 'green')": 0.0, "((1, 10, 5), 'green')": 0.0, "((1, 11, 6), 'green')": 0.0, "((1, 12, 4), 'green')": 0.0, "((1, 15, 10), 'green')": 0.0, "((1, 16, 8), 'green')": 0.0, "((1, 17, 9), 'green')": 0.0, "((1, 18, 3), 'green')": 0.0, "((1, 9, 5), 'green')": 0.0, "((1, 10, 6), 'green')": 0.0, "((1, 11, 4), 'green')": 0.0, "((1, 14, 10), 'green')": 0.0, "((1, 15, 8), 'green')": 0.0, "((1, 16, 9), 'green')": 0.0, "((1, 17, 3), 'green')": 0.0, "((1, 8, 5), 'green')": 0.0, "((1, 9, 6), 'green')": 0.0, "((1, 10, 4), 'green')": 0.0, "((1, 13, 10), 'green')": 0.0, "((1, 14, 8), 'green')": 0.0, "((1, 15, 9), 'green')": 0.0, "((1, 16, 3), 'green')": 0.0, "((1, 7, 5), 'green')": 0.0, "((1, 8, 6), 'green')": 0.0, "((1, 9, 4), 'green')": 0.0, "((1, 12, 10), 'green')": 0.0, "((1, 13, 8), 'green')": 0.0, "((1, 14, 9), 'green')": 0.0, "((1, 15, 3), 'green')": 0.0, "((1, 6, 5), 'green')": 0.0, "((1, 7, 6), 'green')": 0.0, "((1, 8, 4), 'green')": 0.0, "((1, 11, 10), 'green')": 0.0, "((1, 12, 8), 'green')": 0.0, "((1, 13, 9), 'green')": 0.0, "((1, 14, 3), 'green')": 0.0, "((1, 5, 5), 'green')": 0.0, "((1, 6, 6), 'green')": 0.0, "((1, 7, 4), 'green')": 0.0, "((1, 10, 10), 'green')": 0.0, "((1, 11, 8), 'green')": 0.0, "((1, 12, 9), 'green')": 0.0, "((1, 13, 3), 'green')": 0.0, "((1, 20, 2), 'green')": 0.41526714216267974, "((1, 4, 5), 'green')": 0.0, "((1, 5, 6), 'green')": 0.0, "((1, 6, 4), 'green')": 0.0, "((1, 9, 10), 'green')": 0.0, "((1, 10, 8), 'green')": 0.0, "((1, 11, 9), 'green')": 0.0, "((1, 12, 3), 'green')": 0.0, "((1, 19, 2), 'green')": 0.0, "((1, 3, 5), 'green')": 0.0, "((1, 4, 6), 'green')": 0.0, "((1, 5, 4), 'green')": 0.0, "((1, 8, 10), 'green')": 0.0, "((1, 9, 8), 'green')": 0.0, "((1, 10, 9), 'green')": 0.0, "((1, 11, 3), 'green')": 0.0, "((1, 18, 2), 'green')": 0.0, "((1, 2, 5), 'green')": 0.0, "((1, 3, 6), 'green')": 0.0, "((1, 4, 4), 'green')": 0.0, "((1, 7, 10), 'green')": 0.0, "((1, 8, 8), 'green')": 0.0, "((1, 9, 9), 'green')": 0.0, "((1, 10, 3), 'green')": 0.0, "((1, 17, 2), 'green')": 0.0, "((1, 1, 5), 'green')": 0.0, "((1, 2, 6), 'green')": 0.0, "((1, 3, 4), 'green')": 0.0, "((1, 6, 10), 'green')": 0.0, "((1, 7, 8), 'green')": 0.0, "((1, 8, 9), 'green')": 0.0, "((1, 9, 3), 'green')": 0.0, "((1, 16, 2), 'green')": 0.0, "((1, 1, 6), 'green')": 0.0, "((1, 2, 4), 'green')": 0.0, "((1, 5, 10), 'green')": 0.0, "((1, 6, 8), 'green')": 0.0, "((1, 7, 9), 'green')": 0.0, "((1, 8, 3), 'green')": 0.0, "((1, 15, 2), 'green')": 0.0, "((1, 1, 4), 'green')": 0.0, "((1, 4, 10), 'green')": 0.0, "((1, 5, 8), 'green')": 0.0, "((1, 6, 9), 'green')": 0.0, "((1, 7, 3), 'green')": 0.0, "((1, 14, 2), 'green')": 0.0, "((1, 3, 10), 'green')": 0.0, "((1, 4, 8), 'green')": 0.0, "((1, 5, 9), 'green')": 0.0, "((1, 6, 3), 'green')": 0.0, "((1, 13, 2), 'green')": 0.0, "((1, 2, 10), 'green')": 0.0, "((1, 3, 8), 'green')": 0.0, "((1, 4, 9), 'green')": 0.0, "((1, 5, 3), 'green')": 0.0, "((1, 12, 2), 'green')": 0.0, "((1, 1, 10), 'green')": 0.0, "((1, 2, 8), 'green')": 0.0, "((1, 3, 9), 'green')": 0.0, "((1, 4, 3), 'green')": 0.0, "((1, 11, 2), 'green')": 0.0, "((1, 1, 8), 'green')": 0.0, "((1, 2, 9), 'green')": 0.0, "((1, 3, 3), 'green')": 0.0, "((1, 10, 2), 'green')": 0.0, "((1, 1, 9), 'green')": 0.0, "((1, 2, 3), 'green')": 0.0, "((1, 9, 2), 'green')": 0.0, "((1, 1, 3), 'green')": 0.0, "((1, 8, 2), 'green')": 0.0, "((1, 7, 2), 'green')": 0.0, "((1, 6, 2), 'green')": 0.0, "((1, 5, 2), 'green')": 0.0, "((1, 4, 2), 'green')": 0.0, "((1, 3, 2), 'green')": 0.0, "((1, 20, 1), 'green')": 0.4141708958464721, "((1, 2, 2), 'green')": 0.0, "((1, 1, 2), 'green')": 0.0, "((1, 19, 1), 'green')": 0.0, "((1, 18, 1), 'green')": 0.0, "((1, 20, 7), 'green')": 0.41481420221333115, "((1, 17, 1), 'green')": 0.0, "((1, 19, 7), 'green')": 0.0, "((1, 16, 1), 'green')": 0.0, "((1, 18, 7), 'green')": 0.0, "((1, 15, 1), 'green')": 0.0, "((1, 17, 7), 'green')": 0.0, "((1, 14, 1), 'green')": 0.0, "((1, 16, 7), 'green')": 0.0, "((1, 13, 1), 'green')": 0.0, "((1, 15, 7), 'green')": 0.0, "((1, 12, 1), 'green')": 0.0, "((1, 14, 7), 'green')": 0.0, "((1, 11, 1), 'green')": 0.0, "((1, 13, 7), 'green')": 0.0, "((1, 10, 1), 'green')": 0.0, "((1, 12, 7), 'green')": 0.0, "((1, 9, 1), 'green')": 0.0, "((1, 11, 7), 'green')": 0.0, "((1, 8, 1), 'green')": 0.0, "((1, 10, 7), 'green')": 0.0, "((1, 7, 1), 'green')": 0.0, "((1, 9, 7), 'green')": 0.0, "((1, 6, 1), 'green')": 0.0, "((1, 8, 7), 'green')": 0.0, "((1, 5, 1), 'green')": 0.0, "((1, 7, 7), 'green')": 0.0, "((1, 4, 1), 'green')": 0.0, "((1, 6, 7), 'green')": 0.0, "((1, 3, 1), 'green')": 0.0, "((1, 5, 7), 'green')": 0.0, "((1, 2, 1), 'green')": 0.0, "((1, 4, 7), 'green')": 0.0, "((1, 1, 1), 'green')": 0.0, "((1, 3, 7), 'green')": 0.0, "((1, 2, 7), 'green')": 0.0, "((1, 1, 7), 'green')": 0.0}, "V": {"(1, 20, 5)": 0.4147876499078416, "(1, 20, 6)": 0.4164884299297359, "(1, 19, 5)": 0.0, "(1, 20, 4)": 0.4275607080194451, "(1, 18, 5)": 0.0, "(1, 19, 6)": 0.0, "(1, 17, 5)": 0.0, "(1, 18, 6)": 0.0, "(1, 19, 4)": 0.0, "(1, 16, 5)": 0.0, "(1, 17, 6)": 0.0, "(1, 18, 4)": 0.0, "(1, 15, 5)": 0.0, "(1, 16, 6)": 0.0, "(1, 17, 4)": 0.0, "(1, 20, 10)": 0.42292340435288595, "(1, 20, 8)": 0.42971792687297006, "(1, 14, 5)": 0.0, "(1, 15, 6)": 0.0, "(1, 16, 4)": 0.0, "(1, 19, 10)": 0.0, "(1, 20, 9)": 0.42011332970272314, "(1, 13, 5)": 0.0, "(1, 14, 6)": 0.0, "(1, 15, 4)": 0.0, "(1, 18, 10)": 0.0, "(1, 19, 8)": 0.0, "(1, 20, 3)": 0.4230972682307051, "(1, 12, 5)": 0.0, "(1, 13, 6)": 0.0, "(1, 14, 4)": 0.0, "(1, 17, 10)": 0.0, "(1, 18, 8)": 0.0, "(1, 19, 9)": 0.0, "(1, 11, 5)": 0.0, "(1, 12, 6)": 0.0, "(1, 13, 4)": 0.0, "(1, 16, 10)": 0.0, "(1, 17, 8)": 0.0, "(1, 18, 9)": 0.0, "(1, 19, 3)": 0.0, "(1, 10, 5)": 0.0, "(1, 11, 6)": 0.0, "(1, 12, 4)": 0.0, "(1, 15, 10)": 0.0, "(1, 16, 8)": 0.0, "(1, 17, 9)": 0.0, "(1, 18, 3)": 0.0, "(1, 9, 5)": 0.0, "(1, 10, 6)": 0.0, "(1, 11, 4)": 0.0, "(1, 14, 10)": 0.0, "(1, 15, 8)": 0.0, "(1, 16, 9)": 0.0, "(1, 17, 3)": 0.0, "(1, 8, 5)": 0.0, "(1, 9, 6)": 0.0, "(1, 10, 4)": 0.0, "(1, 13, 10)": 0.0, "(1, 14, 8)": 0.0, "(1, 15, 9)": 0.0, "(1, 16, 3)": 0.0, "(1, 7, 5)": 0.0, "(1, 8, 6)": 0.0, "(1, 9, 4)": 0.0, "(1, 12, 10)": 0.0, "(1, 13, 8)": 0.0, "(1, 14, 9)": 0.0, "(1, 15, 3)": 0.0, "(1, 6, 5)": 0.0, "(1, 7, 6)": 0.0, "(1, 8, 4)": 0.0, "(1, 11, 10)": 0.0, "(1, 12, 8)": 0.0, "(1, 13, 9)": 0.0, "(1, 14, 3)": 0.0, "(1, 5, 5)": 0.0, "(1, 6, 6)": 0.0, "(1, 7, 4)": 0.0, "(1, 10, 10)": 0.0, "(1, 11, 8)": 0.0, "(1, 12, 9)": 0.0, "(1, 13, 3)": 0.0, "(1, 20, 2)": 0.41526714216267974, "(1, 4, 5)": 0.0, "(1, 5, 6)": 0.0, "(1, 6, 4)": 0.0, "(1, 9, 10)": 0.0, "(1, 10, 8)": 0.0, "(1, 11, 9)": 0.0, "(1, 12, 3)": 0.0, "(1, 19, 2)": 0.0, "(1, 3, 5)": 0.0,